SET FOREIGN_KEY_CHECKS=0;
SET NAMES utf8mb4;

INSERT IGNORE INTO regions (region_id, region_name) VALUES (1, '서울');
INSERT IGNORE INTO regions (region_id, region_name) VALUES (2, '부산');
INSERT IGNORE INTO regions (region_id, region_name) VALUES (3, '대구');
INSERT IGNORE INTO regions (region_id, region_name) VALUES (4, '인천');
INSERT IGNORE INTO regions (region_id, region_name) VALUES (5, '광주');
INSERT IGNORE INTO regions (region_id, region_name) VALUES (6, '대전');
INSERT IGNORE INTO regions (region_id, region_name) VALUES (7, '울산');
INSERT IGNORE INTO regions (region_id, region_name) VALUES (8, '세종');
INSERT IGNORE INTO regions (region_id, region_name) VALUES (9, '경기');
INSERT IGNORE INTO regions (region_id, region_name) VALUES (10, '강원');
INSERT IGNORE INTO regions (region_id, region_name) VALUES (11, '충북');
INSERT IGNORE INTO regions (region_id, region_name) VALUES (12, '충남');
INSERT IGNORE INTO regions (region_id, region_name) VALUES (13, '전북');
INSERT IGNORE INTO regions (region_id, region_name) VALUES (14, '전남');
INSERT IGNORE INTO regions (region_id, region_name) VALUES (15, '경북');
INSERT IGNORE INTO regions (region_id, region_name) VALUES (16, '경남');
INSERT IGNORE INTO regions (region_id, region_name) VALUES (17, '제주');

INSERT IGNORE INTO car_registrations (region_id, stat_year, count) VALUES (1, 2018, 84);
INSERT IGNORE INTO car_registrations (region_id, stat_year, count) VALUES (1, 2019, 599);
INSERT IGNORE INTO car_registrations (region_id, stat_year, count) VALUES (1, 2020, 1671);
INSERT IGNORE INTO car_registrations (region_id, stat_year, count) VALUES (1, 2021, 2445);
INSERT IGNORE INTO car_registrations (region_id, stat_year, count) VALUES (1, 2022, 2914);
INSERT IGNORE INTO car_registrations (region_id, stat_year, count) VALUES (1, 2023, 3180);
INSERT IGNORE INTO car_registrations (region_id, stat_year, count) VALUES (1, 2024, 3267);
INSERT IGNORE INTO car_registrations (region_id, stat_year, count) VALUES (1, 2025, 3443);
INSERT IGNORE INTO car_registrations (region_id, stat_year, count) VALUES (1, 2026, 3531);
INSERT IGNORE INTO car_registrations (region_id, stat_year, count) VALUES (2, 2019, 553);
INSERT IGNORE INTO car_registrations (region_id, stat_year, count) VALUES (2, 2020, 916);
INSERT IGNORE INTO car_registrations (region_id, stat_year, count) VALUES (2, 2021, 1301);
INSERT IGNORE INTO car_registrations (region_id, stat_year, count) VALUES (2, 2022, 1937);
INSERT IGNORE INTO car_registrations (region_id, stat_year, count) VALUES (2, 2023, 2074);
INSERT IGNORE INTO car_registrations (region_id, stat_year, count) VALUES (2, 2024, 2295);
INSERT IGNORE INTO car_registrations (region_id, stat_year, count) VALUES (2, 2025, 2538);
INSERT IGNORE INTO car_registrations (region_id, stat_year, count) VALUES (2, 2026, 2698);
INSERT IGNORE INTO car_registrations (region_id, stat_year, count) VALUES (3, 2018, 2);
INSERT IGNORE INTO car_registrations (region_id, stat_year, count) VALUES (3, 2019, 5);
INSERT IGNORE INTO car_registrations (region_id, stat_year, count) VALUES (3, 2020, 66);
INSERT IGNORE INTO car_registrations (region_id, stat_year, count) VALUES (3, 2021, 318);
INSERT IGNORE INTO car_registrations (region_id, stat_year, count) VALUES (3, 2022, 557);
INSERT IGNORE INTO car_registrations (region_id, stat_year, count) VALUES (3, 2023, 629);
INSERT IGNORE INTO car_registrations (region_id, stat_year, count) VALUES (3, 2024, 700);
INSERT IGNORE INTO car_registrations (region_id, stat_year, count) VALUES (3, 2025, 854);
INSERT IGNORE INTO car_registrations (region_id, stat_year, count) VALUES (3, 2026, 924);
INSERT IGNORE INTO car_registrations (region_id, stat_year, count) VALUES (4, 2018, 5);
INSERT IGNORE INTO car_registrations (region_id, stat_year, count) VALUES (4, 2019, 224);
INSERT IGNORE INTO car_registrations (region_id, stat_year, count) VALUES (4, 2020, 488);
INSERT IGNORE INTO car_registrations (region_id, stat_year, count) VALUES (4, 2021, 1021);
INSERT IGNORE INTO car_registrations (region_id, stat_year, count) VALUES (4, 2022, 1650);
INSERT IGNORE INTO car_registrations (region_id, stat_year, count) VALUES (4, 2023, 1957);
INSERT IGNORE INTO car_registrations (region_id, stat_year, count) VALUES (4, 2024, 2581);
INSERT IGNORE INTO car_registrations (region_id, stat_year, count) VALUES (4, 2025, 3532);
INSERT IGNORE INTO car_registrations (region_id, stat_year, count) VALUES (4, 2026, 3607);
INSERT IGNORE INTO car_registrations (region_id, stat_year, count) VALUES (5, 2018, 202);
INSERT IGNORE INTO car_registrations (region_id, stat_year, count) VALUES (5, 2019, 488);
INSERT IGNORE INTO car_registrations (region_id, stat_year, count) VALUES (5, 2020, 701);
INSERT IGNORE INTO car_registrations (region_id, stat_year, count) VALUES (5, 2021, 881);
INSERT IGNORE INTO car_registrations (region_id, stat_year, count) VALUES (5, 2022, 1169);
INSERT IGNORE INTO car_registrations (region_id, stat_year, count) VALUES (5, 2023, 1245);
INSERT IGNORE INTO car_registrations (region_id, stat_year, count) VALUES (5, 2024, 1277);
INSERT IGNORE INTO car_registrations (region_id, stat_year, count) VALUES (5, 2025, 1446);
INSERT IGNORE INTO car_registrations (region_id, stat_year, count) VALUES (5, 2026, 1490);
INSERT IGNORE INTO car_registrations (region_id, stat_year, count) VALUES (6, 2018, 1);
INSERT IGNORE INTO car_registrations (region_id, stat_year, count) VALUES (6, 2019, 206);
INSERT IGNORE INTO car_registrations (region_id, stat_year, count) VALUES (6, 2020, 507);
INSERT IGNORE INTO car_registrations (region_id, stat_year, count) VALUES (6, 2021, 869);
INSERT IGNORE INTO car_registrations (region_id, stat_year, count) VALUES (6, 2022, 1217);
INSERT IGNORE INTO car_registrations (region_id, stat_year, count) VALUES (6, 2023, 1519);
INSERT IGNORE INTO car_registrations (region_id, stat_year, count) VALUES (6, 2024, 1820);
INSERT IGNORE INTO car_registrations (region_id, stat_year, count) VALUES (6, 2025, 2078);
INSERT IGNORE INTO car_registrations (region_id, stat_year, count) VALUES (6, 2026, 2206);
INSERT IGNORE INTO car_registrations (region_id, stat_year, count) VALUES (7, 2018, 345);
INSERT IGNORE INTO car_registrations (region_id, stat_year, count) VALUES (7, 2019, 1299);
INSERT IGNORE INTO car_registrations (region_id, stat_year, count) VALUES (7, 2020, 1819);
INSERT IGNORE INTO car_registrations (region_id, stat_year, count) VALUES (7, 2021, 2197);
INSERT IGNORE INTO car_registrations (region_id, stat_year, count) VALUES (7, 2022, 2578);
INSERT IGNORE INTO car_registrations (region_id, stat_year, count) VALUES (7, 2023, 2824);
INSERT IGNORE INTO car_registrations (region_id, stat_year, count) VALUES (7, 2024, 2990);
INSERT IGNORE INTO car_registrations (region_id, stat_year, count) VALUES (7, 2025, 3281);
INSERT IGNORE INTO car_registrations (region_id, stat_year, count) VALUES (7, 2026, 3392);
INSERT IGNORE INTO car_registrations (region_id, stat_year, count) VALUES (8, 2018, 3);
INSERT IGNORE INTO car_registrations (region_id, stat_year, count) VALUES (8, 2019, 16);
INSERT IGNORE INTO car_registrations (region_id, stat_year, count) VALUES (8, 2020, 42);
INSERT IGNORE INTO car_registrations (region_id, stat_year, count) VALUES (8, 2021, 127);
INSERT IGNORE INTO car_registrations (region_id, stat_year, count) VALUES (8, 2022, 256);
INSERT IGNORE INTO car_registrations (region_id, stat_year, count) VALUES (8, 2023, 417);
INSERT IGNORE INTO car_registrations (region_id, stat_year, count) VALUES (8, 2024, 530);
INSERT IGNORE INTO car_registrations (region_id, stat_year, count) VALUES (8, 2025, 595);
INSERT IGNORE INTO car_registrations (region_id, stat_year, count) VALUES (8, 2026, 628);
INSERT IGNORE INTO car_registrations (region_id, stat_year, count) VALUES (9, 2018, 7);
INSERT IGNORE INTO car_registrations (region_id, stat_year, count) VALUES (9, 2019, 596);
INSERT IGNORE INTO car_registrations (region_id, stat_year, count) VALUES (9, 2020, 1578);
INSERT IGNORE INTO car_registrations (region_id, stat_year, count) VALUES (9, 2021, 3605);
INSERT IGNORE INTO car_registrations (region_id, stat_year, count) VALUES (9, 2022, 6326);
INSERT IGNORE INTO car_registrations (region_id, stat_year, count) VALUES (9, 2023, 7501);
INSERT IGNORE INTO car_registrations (region_id, stat_year, count) VALUES (9, 2024, 8291);
INSERT IGNORE INTO car_registrations (region_id, stat_year, count) VALUES (9, 2025, 10064);
INSERT IGNORE INTO car_registrations (region_id, stat_year, count) VALUES (9, 2026, 10584);
INSERT IGNORE INTO car_registrations (region_id, stat_year, count) VALUES (10, 2019, 140);
INSERT IGNORE INTO car_registrations (region_id, stat_year, count) VALUES (10, 2020, 856);
INSERT IGNORE INTO car_registrations (region_id, stat_year, count) VALUES (10, 2021, 1805);
INSERT IGNORE INTO car_registrations (region_id, stat_year, count) VALUES (10, 2022, 2538);
INSERT IGNORE INTO car_registrations (region_id, stat_year, count) VALUES (10, 2023, 2707);
INSERT IGNORE INTO car_registrations (region_id, stat_year, count) VALUES (10, 2024, 2732);
INSERT IGNORE INTO car_registrations (region_id, stat_year, count) VALUES (10, 2025, 2997);
INSERT IGNORE INTO car_registrations (region_id, stat_year, count) VALUES (10, 2026, 3071);
INSERT IGNORE INTO car_registrations (region_id, stat_year, count) VALUES (11, 2019, 101);
INSERT IGNORE INTO car_registrations (region_id, stat_year, count) VALUES (11, 2020, 332);
INSERT IGNORE INTO car_registrations (region_id, stat_year, count) VALUES (11, 2021, 959);
INSERT IGNORE INTO car_registrations (region_id, stat_year, count) VALUES (11, 2022, 1778);
INSERT IGNORE INTO car_registrations (region_id, stat_year, count) VALUES (11, 2023, 2089);
INSERT IGNORE INTO car_registrations (region_id, stat_year, count) VALUES (11, 2024, 2268);
INSERT IGNORE INTO car_registrations (region_id, stat_year, count) VALUES (11, 2025, 2744);
INSERT IGNORE INTO car_registrations (region_id, stat_year, count) VALUES (11, 2026, 2864);
INSERT IGNORE INTO car_registrations (region_id, stat_year, count) VALUES (12, 2018, 60);
INSERT IGNORE INTO car_registrations (region_id, stat_year, count) VALUES (12, 2019, 282);
INSERT IGNORE INTO car_registrations (region_id, stat_year, count) VALUES (12, 2020, 468);
INSERT IGNORE INTO car_registrations (region_id, stat_year, count) VALUES (12, 2021, 781);
INSERT IGNORE INTO car_registrations (region_id, stat_year, count) VALUES (12, 2022, 1257);
INSERT IGNORE INTO car_registrations (region_id, stat_year, count) VALUES (12, 2023, 1528);
INSERT IGNORE INTO car_registrations (region_id, stat_year, count) VALUES (12, 2024, 1733);
INSERT IGNORE INTO car_registrations (region_id, stat_year, count) VALUES (12, 2025, 2134);
INSERT IGNORE INTO car_registrations (region_id, stat_year, count) VALUES (12, 2026, 2288);
INSERT IGNORE INTO car_registrations (region_id, stat_year, count) VALUES (13, 2018, 2);
INSERT IGNORE INTO car_registrations (region_id, stat_year, count) VALUES (13, 2019, 8);
INSERT IGNORE INTO car_registrations (region_id, stat_year, count) VALUES (13, 2020, 409);
INSERT IGNORE INTO car_registrations (region_id, stat_year, count) VALUES (13, 2021, 1090);
INSERT IGNORE INTO car_registrations (region_id, stat_year, count) VALUES (13, 2022, 1925);
INSERT IGNORE INTO car_registrations (region_id, stat_year, count) VALUES (13, 2023, 2354);
INSERT IGNORE INTO car_registrations (region_id, stat_year, count) VALUES (13, 2024, 2623);
INSERT IGNORE INTO car_registrations (region_id, stat_year, count) VALUES (13, 2025, 2893);
INSERT IGNORE INTO car_registrations (region_id, stat_year, count) VALUES (13, 2026, 3060);
INSERT IGNORE INTO car_registrations (region_id, stat_year, count) VALUES (14, 2018, 2);
INSERT IGNORE INTO car_registrations (region_id, stat_year, count) VALUES (14, 2019, 4);
INSERT IGNORE INTO car_registrations (region_id, stat_year, count) VALUES (14, 2020, 127);
INSERT IGNORE INTO car_registrations (region_id, stat_year, count) VALUES (14, 2021, 332);
INSERT IGNORE INTO car_registrations (region_id, stat_year, count) VALUES (14, 2022, 775);
INSERT IGNORE INTO car_registrations (region_id, stat_year, count) VALUES (14, 2023, 1026);
INSERT IGNORE INTO car_registrations (region_id, stat_year, count) VALUES (14, 2024, 1197);
INSERT IGNORE INTO car_registrations (region_id, stat_year, count) VALUES (14, 2025, 1517);
INSERT IGNORE INTO car_registrations (region_id, stat_year, count) VALUES (14, 2026, 1609);
INSERT IGNORE INTO car_registrations (region_id, stat_year, count) VALUES (15, 2019, 9);
INSERT IGNORE INTO car_registrations (region_id, stat_year, count) VALUES (15, 2020, 18);
INSERT IGNORE INTO car_registrations (region_id, stat_year, count) VALUES (15, 2021, 51);
INSERT IGNORE INTO car_registrations (region_id, stat_year, count) VALUES (15, 2022, 274);
INSERT IGNORE INTO car_registrations (region_id, stat_year, count) VALUES (15, 2023, 406);
INSERT IGNORE INTO car_registrations (region_id, stat_year, count) VALUES (15, 2024, 554);
INSERT IGNORE INTO car_registrations (region_id, stat_year, count) VALUES (15, 2025, 874);
INSERT IGNORE INTO car_registrations (region_id, stat_year, count) VALUES (15, 2026, 1003);
INSERT IGNORE INTO car_registrations (region_id, stat_year, count) VALUES (16, 2018, 180);
INSERT IGNORE INTO car_registrations (region_id, stat_year, count) VALUES (16, 2019, 552);
INSERT IGNORE INTO car_registrations (region_id, stat_year, count) VALUES (16, 2020, 908);
INSERT IGNORE INTO car_registrations (region_id, stat_year, count) VALUES (16, 2021, 1619);
INSERT IGNORE INTO car_registrations (region_id, stat_year, count) VALUES (16, 2022, 2461);
INSERT IGNORE INTO car_registrations (region_id, stat_year, count) VALUES (16, 2023, 2771);
INSERT IGNORE INTO car_registrations (region_id, stat_year, count) VALUES (16, 2024, 3001);
INSERT IGNORE INTO car_registrations (region_id, stat_year, count) VALUES (16, 2025, 3571);
INSERT IGNORE INTO car_registrations (region_id, stat_year, count) VALUES (16, 2026, 3776);
INSERT IGNORE INTO car_registrations (region_id, stat_year, count) VALUES (17, 2019, 1);
INSERT IGNORE INTO car_registrations (region_id, stat_year, count) VALUES (17, 2021, 3);
INSERT IGNORE INTO car_registrations (region_id, stat_year, count) VALUES (17, 2022, 11);
INSERT IGNORE INTO car_registrations (region_id, stat_year, count) VALUES (17, 2023, 31);
INSERT IGNORE INTO car_registrations (region_id, stat_year, count) VALUES (17, 2024, 71);
INSERT IGNORE INTO car_registrations (region_id, stat_year, count) VALUES (17, 2025, 94);
INSERT IGNORE INTO car_registrations (region_id, stat_year, count) VALUES (17, 2026, 103);

INSERT IGNORE INTO hydrogen_charging_station (region_id, station_name, address, lat, lon) VALUES (9, '현대자동차㈜ 환경기술연구소', '경기 용인 기흥 마북로240번길 17-5(마북동)', 37.3079452, 127.1354680);
INSERT IGNORE INTO hydrogen_charging_station (region_id, station_name, address, lat, lon) VALUES (6, '한국에너지기술연구원', '대전 유성구 가정로 152', 36.3832255, 127.3595163);
INSERT IGNORE INTO hydrogen_charging_station (region_id, station_name, address, lat, lon) VALUES (9, '한국교통안전공단 자동차안전연구원', '경기 화성 송산면 삼존로 200', 37.2266693, 126.7677310);
INSERT IGNORE INTO hydrogen_charging_station (region_id, station_name, address, lat, lon) VALUES (1, '서울특별시 양재그린카스테이션', '서울 서초구 바우뫼로12길 73', 37.4686136, 127.0341042);
INSERT IGNORE INTO hydrogen_charging_station (region_id, station_name, address, lat, lon) VALUES (1, '서울특별시 상암수소스테이션', '서울 마포구 하늘공원로 86', 37.5686300, 126.8783000);
INSERT IGNORE INTO hydrogen_charging_station (region_id, station_name, address, lat, lon) VALUES (5, '(재)광주그린카진흥원 수소융합스테이션', '광주 광산구 진곡산단중앙로 55', 35.1946958, 126.7890349);
INSERT IGNORE INTO hydrogen_charging_station (region_id, station_name, address, lat, lon) VALUES (12, '충남테크노파크 내포신도시수소충전소', '충남 홍성군 홍북면 용봉로 234', 36.6352678, 126.6836321);
INSERT IGNORE INTO hydrogen_charging_station (region_id, station_name, address, lat, lon) VALUES (16, '(재)창원산업진흥원 팔용수소충전소', '경남 창원 의창구 창원대로18번길 46', 35.2522190, 128.6035624);
INSERT IGNORE INTO hydrogen_charging_station (region_id, station_name, address, lat, lon) VALUES (7, '(주)옥동엘피지수소 수소복합충전소', '울산 남구 남부순환도로 465', 35.5222899, 129.2915261);
INSERT IGNORE INTO hydrogen_charging_station (region_id, station_name, address, lat, lon) VALUES (3, '(재)지능형자동차부품진흥원', '대구 달성군 국가산단서로 201', 35.6481281, 128.3985328);
INSERT IGNORE INTO hydrogen_charging_station (region_id, station_name, address, lat, lon) VALUES (5, '동곡융복합수소충전소', '광주 광산구 동곡로 326(복룡동)', 35.1116277, 126.7814513);
INSERT IGNORE INTO hydrogen_charging_station (region_id, station_name, address, lat, lon) VALUES (7, '경동 수소충전소', '울산 북구 북부순환도로 1165', 35.5810598, 129.3575334);
INSERT IGNORE INTO hydrogen_charging_station (region_id, station_name, address, lat, lon) VALUES (7, '㈜신일 복합충전소', '울산 울주군 웅촌면 웅촌로 490', 35.4715924, 129.2183474);
INSERT IGNORE INTO hydrogen_charging_station (region_id, station_name, address, lat, lon) VALUES (16, '창원성주 수소충전소', '경남 창원 성산구 성주동 175', 35.1910129, 128.7224132);
INSERT IGNORE INTO hydrogen_charging_station (region_id, station_name, address, lat, lon) VALUES (2, '(주)엔케이텍 서부산', '부산 강서구 송정동 803-3번지외1필지', 35.1135046, 128.8430507);
INSERT IGNORE INTO hydrogen_charging_station (region_id, station_name, address, lat, lon) VALUES (9, '한국도로공사 안성(부산)휴게소', '경기 안성 경부고속도로 365', 37.0134984, 127.1450114);
INSERT IGNORE INTO hydrogen_charging_station (region_id, station_name, address, lat, lon) VALUES (9, '대보유통㈜ 안성(서울)주유소', '경기 안성 경부고속도로 372', 37.0783930, 127.1294332);
INSERT IGNORE INTO hydrogen_charging_station (region_id, station_name, address, lat, lon) VALUES (7, '그린주유소 수소복합충전소', '울산 울주군 온산읍 온산로 256', 35.4636548, 129.3341924);
INSERT IGNORE INTO hydrogen_charging_station (region_id, station_name, address, lat, lon) VALUES (9, '(주)고신통상 영동고속도로 여주(강릉)휴게소', '경기 여주 여주남로 722(영동고속도로)', 37.2344843, 127.5836790);
INSERT IGNORE INTO hydrogen_charging_station (region_id, station_name, address, lat, lon) VALUES (6, '대전도시공사 학하수소충전소', '대전 유성구 학하동 388-3외 10필지', 36.3353824, 127.3159630);
INSERT IGNORE INTO hydrogen_charging_station (region_id, station_name, address, lat, lon) VALUES (11, '현대모비스㈜ 수소충전소', '충북 충주시 대소원면 기업도시1로 47', 36.9970355, 127.8314352);
INSERT IGNORE INTO hydrogen_charging_station (region_id, station_name, address, lat, lon) VALUES (14, '한국도로공사 백양사(논산)휴게소 수소충전소', '전남 장성군 북일면 호남고속도로 108-1', 35.3941248, 126.8072014);
INSERT IGNORE INTO hydrogen_charging_station (region_id, station_name, address, lat, lon) VALUES (7, '언양(서울) 수소충전소', '울산 울주군 언양읍 경부고속도로 44', 35.5979927, 129.1415454);
INSERT IGNORE INTO hydrogen_charging_station (region_id, station_name, address, lat, lon) VALUES (15, '성주(양평) 수소충전소', '경북 성주군 초전면 중부내륙고속도로 98', 36.0084201, 128.2612201);
INSERT IGNORE INTO hydrogen_charging_station (region_id, station_name, address, lat, lon) VALUES (16, '㈜이엠석유 함안(부산)휴게소 수소충전소', '경남 함안군 군북면 현포로 205', 35.2937322, 128.3467079);
INSERT IGNORE INTO hydrogen_charging_station (region_id, station_name, address, lat, lon) VALUES (2, '대도하이젠(주) 수소복합충전소', '부산 사상구 학감대로 167', 35.1459087, 128.9877688);
INSERT IGNORE INTO hydrogen_charging_station (region_id, station_name, address, lat, lon) VALUES (1, '수소에너지네트워크(주) 국회 수소충전소', '서울 영등포구 의사당대로 1', 37.5283400, 126.9153000);
INSERT IGNORE INTO hydrogen_charging_station (region_id, station_name, address, lat, lon) VALUES (9, '중부고속도로 하남드림휴게소 수소충전소', '경기 하남시 중부고속도로 117-1 하남드림휴게소', 37.5308953, 127.2070791);
INSERT IGNORE INTO hydrogen_charging_station (region_id, station_name, address, lat, lon) VALUES (4, '논현충전소(복합수소자동차충전소)', '인천 남동구 고잔동 246-15 외 2필지', 37.3985573, 126.7116293);
INSERT IGNORE INTO hydrogen_charging_station (region_id, station_name, address, lat, lon) VALUES (16, '창원덕동 수소충전소', '경남 창원시 마산합포구 덕동동 838', 35.1345333, 128.5646385);
INSERT IGNORE INTO hydrogen_charging_station (region_id, station_name, address, lat, lon) VALUES (13, '(재)전북테크노파크 완주수소충전소', '전북 완주군 봉동읍 둔산리 951-6', 35.9520171, 127.1260899);
INSERT IGNORE INTO hydrogen_charging_station (region_id, station_name, address, lat, lon) VALUES (1, '지에스칼텍스㈜ 강동수소충전소', '서울 강동구 상일동 443-9', 37.5452327, 127.1705400);
INSERT IGNORE INTO hydrogen_charging_station (region_id, station_name, address, lat, lon) VALUES (5, '임암 수소충전소', '광주 남구 임암동 675', 35.1085556, 126.8669914);
INSERT IGNORE INTO hydrogen_charging_station (region_id, station_name, address, lat, lon) VALUES (11, '(합자)도원주유소 수소충전소', '충북 청주시 청원구 내수읍 충청대로 771', 36.7122123, 127.5336890);
INSERT IGNORE INTO hydrogen_charging_station (region_id, station_name, address, lat, lon) VALUES (11, '청주 수소충전소', '충북 청주시 청원구 오창읍 양청농소길 102', 36.7072500, 127.4407000);
INSERT IGNORE INTO hydrogen_charging_station (region_id, station_name, address, lat, lon) VALUES (11, '연수 수소충전소', '충북 충주시 연수동 315-6', 36.9887691, 127.9451080);
INSERT IGNORE INTO hydrogen_charging_station (region_id, station_name, address, lat, lon) VALUES (3, '수소에너지네트워크(주) 성서 수소충전소', '대구 달서구 갈산동 980', 35.8352893, 128.4932838);
INSERT IGNORE INTO hydrogen_charging_station (region_id, station_name, address, lat, lon) VALUES (10, '원더플(주) 복합수소충전소', '강원도 삼척시 오분동 122-3 외5필지', 37.4295482, 129.1832966);
INSERT IGNORE INTO hydrogen_charging_station (region_id, station_name, address, lat, lon) VALUES (14, '하이넷 에스피지 수소충전소', '전남 여수시 여수산단로 603', 34.8309429, 127.6861653);
INSERT IGNORE INTO hydrogen_charging_station (region_id, station_name, address, lat, lon) VALUES (8, '하이넷 세종청사 수소충전소', '세종 어진동 567', 36.5024224, 127.2628202);
INSERT IGNORE INTO hydrogen_charging_station (region_id, station_name, address, lat, lon) VALUES (13, '하이넷 전주 송천 수소충전소', '전북 전주시 덕진구 송천동2가 1186-2,1190,1191', 35.8698743, 127.1074556);
INSERT IGNORE INTO hydrogen_charging_station (region_id, station_name, address, lat, lon) VALUES (5, '한국자동차연구원', '광주 광산구 오선동 573', 35.1946958, 126.7890349);
INSERT IGNORE INTO hydrogen_charging_station (region_id, station_name, address, lat, lon) VALUES (9, '수소에너지네트워크㈜ 하이넷 동탄 수소충전소', '경기 화성시 방교동 795', 37.1757574, 127.0863884);
INSERT IGNORE INTO hydrogen_charging_station (region_id, station_name, address, lat, lon) VALUES (12, '아산 초사 수소충전소', '충남 아산시 초사동 473', 36.7387310, 126.9660427);
INSERT IGNORE INTO hydrogen_charging_station (region_id, station_name, address, lat, lon) VALUES (12, '서산시 수소충전소', '충남 서산시 음암면 상홍리 916 외3필지', 36.7825015, 126.4928270);
INSERT IGNORE INTO hydrogen_charging_station (region_id, station_name, address, lat, lon) VALUES (7, '(주)경동도시가스 덕하 수소충전소', '울산 울주군 청량면 상남리 1036', 35.4768887, 129.3091983);
INSERT IGNORE INTO hydrogen_charging_station (region_id, station_name, address, lat, lon) VALUES (5, '벽진 수소충전소', '광주 서구 눌재로 589(벽진동 628-1)', 35.1297255, 126.8310233);
INSERT IGNORE INTO hydrogen_charging_station (region_id, station_name, address, lat, lon) VALUES (9, '㈜블루에너지', '경기도 평택시 장안동 241-1,240-10, 241-10', 37.0521494, 127.0795268);
INSERT IGNORE INTO hydrogen_charging_station (region_id, station_name, address, lat, lon) VALUES (7, '(주)투게더 수소충전소', '울산 남구 야음동 220-7', 35.5260517, 129.3405952);
INSERT IGNORE INTO hydrogen_charging_station (region_id, station_name, address, lat, lon) VALUES (4, '하이넷 인천공항T1 수소충전소', '인천 중구 운서동 2848-6', 37.4695092, 126.4507804);
INSERT IGNORE INTO hydrogen_charging_station (region_id, station_name, address, lat, lon) VALUES (9, '하이넷 평택 수소충전소', '경기 평택시 팽성읍 남산리 218-8 외3필지', 36.9547096, 127.0607048);
INSERT IGNORE INTO hydrogen_charging_station (region_id, station_name, address, lat, lon) VALUES (6, '신탄진 수소충전소', '대전 대덕구 상서동 236-1 외 72필지', 36.4275124, 127.4179918);
INSERT IGNORE INTO hydrogen_charging_station (region_id, station_name, address, lat, lon) VALUES (11, '삼보 수소충전소', '충북 제천시 봉양읍 북부로 913', 37.1391006, 128.0728572);
INSERT IGNORE INTO hydrogen_charging_station (region_id, station_name, address, lat, lon) VALUES (6, '중도가스(주)대전영업소', '대전 동구 대성동 206-1,179', 36.2944222, 127.4607645);
INSERT IGNORE INTO hydrogen_charging_station (region_id, station_name, address, lat, lon) VALUES (10, '하이넷 춘천 수소충전소', '강원도 춘천시 동내면 사암리 산121-1', 37.8124697, 127.7660694);
INSERT IGNORE INTO hydrogen_charging_station (region_id, station_name, address, lat, lon) VALUES (16, '창원 죽곡 수소충전소', '경남 창원시 진해구 죽곡동 산31-2', 35.1228096, 128.7258845);
INSERT IGNORE INTO hydrogen_charging_station (region_id, station_name, address, lat, lon) VALUES (7, '에어프로덕츠(주) 수소자동차 충전소', '울산 남구 처용로487번길 83', 35.4828938, 129.3577649);
INSERT IGNORE INTO hydrogen_charging_station (region_id, station_name, address, lat, lon) VALUES (11, '(주)삼한 수소충전소', '충북 음성군 중원대로 792', 37.0545444, 127.6019924);
INSERT IGNORE INTO hydrogen_charging_station (region_id, station_name, address, lat, lon) VALUES (7, '현대자동차 울산공장 52라인 수소충전소', '울산 북구 염포로 700', 35.5380790, 129.3851071);
INSERT IGNORE INTO hydrogen_charging_station (region_id, station_name, address, lat, lon) VALUES (9, '수원영통 복합충전소', '경기 수원시 영통구 광교호수로 250', 37.2867068, 127.0793846);
INSERT IGNORE INTO hydrogen_charging_station (region_id, station_name, address, lat, lon) VALUES (9, '안성시 수소충전소', '경기 안성시 현수동 78', 37.0005035, 127.2802107);
INSERT IGNORE INTO hydrogen_charging_station (region_id, station_name, address, lat, lon) VALUES (11, '음성(통영) 수소충전소', '충북 음성군 삼성면 중부고속도로51', 37.0196121, 127.4811210);
INSERT IGNORE INTO hydrogen_charging_station (region_id, station_name, address, lat, lon) VALUES (16, '(주)진주 수소충전소', '경남 진주시 판문동 517-1번지 외2필지', 35.1836980, 128.0400494);
INSERT IGNORE INTO hydrogen_charging_station (region_id, station_name, address, lat, lon) VALUES (9, '안산 수소 E로움 충전소', '경기 안산시 단원구 초지동 672-2', 37.2960520, 126.7935074);
INSERT IGNORE INTO hydrogen_charging_station (region_id, station_name, address, lat, lon) VALUES (11, '괴산군 개미 수소충전소', '충북 괴산군 괴산읍 대사리 314-2번지 외 3필지', 36.7990834, 127.7758812);
INSERT IGNORE INTO hydrogen_charging_station (region_id, station_name, address, lat, lon) VALUES (9, '하이넷 화성시청 수소충전소', '경기 화성시 남양읍 시청로 159', 37.1993267, 126.8312715);
INSERT IGNORE INTO hydrogen_charging_station (region_id, station_name, address, lat, lon) VALUES (11, '가로수 수소충전소', '충북 청주시 흥덕구 석소동 37-13', 36.6204857, 127.3873350);
INSERT IGNORE INTO hydrogen_charging_station (region_id, station_name, address, lat, lon) VALUES (16, '한국그린충전㈜ 김해지사', '경남 김해시 김해대로 2596번길 53', 35.2260218, 128.9136647);
INSERT IGNORE INTO hydrogen_charging_station (region_id, station_name, address, lat, lon) VALUES (10, '춘천동내수소충전소', '강원 춘천시 동내면 학곡리 848 외32필지', 37.8221715, 127.7604215);
INSERT IGNORE INTO hydrogen_charging_station (region_id, station_name, address, lat, lon) VALUES (9, '화성종합경기타운 수소충전소', '경기 화성시 향남읍 도이리 668', 37.1378807, 126.9248792);
INSERT IGNORE INTO hydrogen_charging_station (region_id, station_name, address, lat, lon) VALUES (9, '현대자동차㈜ 남양연구소 수소충전소', '경기도 화성시 남양읍 장덕리 772-1외 24필지', 37.1548231, 126.8165065);
INSERT IGNORE INTO hydrogen_charging_station (region_id, station_name, address, lat, lon) VALUES (13, '2공단 수소충전소', '전북 익산시 석암동 389-75', 35.9428307, 127.0083064);
INSERT IGNORE INTO hydrogen_charging_station (region_id, station_name, address, lat, lon) VALUES (7, '울산규제특구 수소선박 충전소', '울산광역시 남구 매암동 579-21', 35.5047464, 129.3653759);
INSERT IGNORE INTO hydrogen_charging_station (region_id, station_name, address, lat, lon) VALUES (9, '수소충전소 평화', '경기 평택시 현덕면 기산리 135-38 외11필지', 36.9454591, 126.9138476);
INSERT IGNORE INTO hydrogen_charging_station (region_id, station_name, address, lat, lon) VALUES (9, '하이넷 용인 에버랜드 수소충전소', '경기 용인시 처인구 포곡읍 유운리 392', 37.2933955, 127.2219831);
INSERT IGNORE INTO hydrogen_charging_station (region_id, station_name, address, lat, lon) VALUES (12, '하이넷 당진정미 수소충전소', '충남 당진시 정미면 사관리 96-12', 36.8384866, 126.5838225);
INSERT IGNORE INTO hydrogen_charging_station (region_id, station_name, address, lat, lon) VALUES (4, '하이넷 인천공항T2 수소충전소', '인천광역시 중구 운서동 3231, 2833-6', 37.4695092, 126.4507804);
INSERT IGNORE INTO hydrogen_charging_station (region_id, station_name, address, lat, lon) VALUES (10, '(주)속초개인택시 가스충전소', '강원 속초시 장사동 395-4, 395-32', 38.2176098, 128.5633879);
INSERT IGNORE INTO hydrogen_charging_station (region_id, station_name, address, lat, lon) VALUES (12, '하이넷 아산 수소충전소', '충남 아산시 인주면 대음리 197-5', 36.8480181, 126.8574637);
INSERT IGNORE INTO hydrogen_charging_station (region_id, station_name, address, lat, lon) VALUES (12, '입장휴게소(서울방향) 수소충전소', '충남 천안시 서북구 입장면 가산리 361-7 외 14필지', 36.9416502, 127.1944624);
INSERT IGNORE INTO hydrogen_charging_station (region_id, station_name, address, lat, lon) VALUES (12, '망향휴게소(부산방향) 수소충전소', '충남 천안시 서북구 성거읍 요방리 121 외4필지', 36.8553216, 127.1808206);
INSERT IGNORE INTO hydrogen_charging_station (region_id, station_name, address, lat, lon) VALUES (12, '천안시 수소충전소', '충남 천안시 서북구 불당동 20 외 3필지', 36.8172949, 127.1120898);
INSERT IGNORE INTO hydrogen_charging_station (region_id, station_name, address, lat, lon) VALUES (16, '성주수소충전소(버스충전)', '경남 창원시 성산구 성주동 175, 177-9번지', 35.1910129, 128.7224132);
INSERT IGNORE INTO hydrogen_charging_station (region_id, station_name, address, lat, lon) VALUES (10, '하이넷 문막 수소충전소', '강원 원주시 문막읍 동화리 114', 37.3356498, 127.8583167);
INSERT IGNORE INTO hydrogen_charging_station (region_id, station_name, address, lat, lon) VALUES (6, '신대 수소버스 충전소', '대전 대덕구 신대동 4-1외 19필지', 36.4073257, 127.4221950);
INSERT IGNORE INTO hydrogen_charging_station (region_id, station_name, address, lat, lon) VALUES (8, '하이넷 대평 수소충전소', '세종 대평동 576-5', 36.4690852, 127.2672061);
INSERT IGNORE INTO hydrogen_charging_station (region_id, station_name, address, lat, lon) VALUES (16, '양산시 수소충전소', '경남 양산시 물금읍 증산리 95-3외 6필지', 35.3029088, 129.0100666);
INSERT IGNORE INTO hydrogen_charging_station (region_id, station_name, address, lat, lon) VALUES (16, '하이넷 경남 거제 수소충전소', '경남 거제시 장평동 861-30, 861-31', 34.8946468, 128.5875152);
INSERT IGNORE INTO hydrogen_charging_station (region_id, station_name, address, lat, lon) VALUES (9, '성남 수소충전소', '경기 성남시 중원구 마지로 257(갈현동 546-7)', 37.4223413, 127.1586809);
INSERT IGNORE INTO hydrogen_charging_station (region_id, station_name, address, lat, lon) VALUES (6, '하이넷 자운대 수소충전소', '대전 유성구 자운동 280', 36.3970891, 127.3465152);
INSERT IGNORE INTO hydrogen_charging_station (region_id, station_name, address, lat, lon) VALUES (4, '인천그린 수소충전소', '인천광역시 중구 신흥동3가 60-25', 37.4385420, 126.6205176);
INSERT IGNORE INTO hydrogen_charging_station (region_id, station_name, address, lat, lon) VALUES (5, '월출 수소충전소', '광주 북구 월출동 987', 35.2385492, 126.8667548);
INSERT IGNORE INTO hydrogen_charging_station (region_id, station_name, address, lat, lon) VALUES (4, '태양 수소충전소', '인천광역시 서구 가좌동 173-117', 37.4987381, 126.6620496);
INSERT IGNORE INTO hydrogen_charging_station (region_id, station_name, address, lat, lon) VALUES (16, '창원 사림 수소충전소', '경남 창원시 의창구 사림동 167번지 외1필지(167-1)', 35.2395473, 128.7032033);
INSERT IGNORE INTO hydrogen_charging_station (region_id, station_name, address, lat, lon) VALUES (1, '마곡 서남 수소충전소', '서울 강서구 양천로 225', 37.5730125, 126.8291992);
INSERT IGNORE INTO hydrogen_charging_station (region_id, station_name, address, lat, lon) VALUES (9, '(주)서강이엔 한강 LPG 수소 복합 충전소', '경기 고양시 덕양구 덕은동 557-1,557-5,557-7', 37.5819876, 126.8530206);
INSERT IGNORE INTO hydrogen_charging_station (region_id, station_name, address, lat, lon) VALUES (16, '하이넷 경남 통영 수소충전소', '경남 통영시 용남면 장평리 37번지 외 3필지', 34.8910400, 128.4717194);
INSERT IGNORE INTO hydrogen_charging_station (region_id, station_name, address, lat, lon) VALUES (2, '하이넷 부산 정관 수소충전소', '부산 기장군 정관읍 신정관로 187', 35.3288247, 129.2015288);
INSERT IGNORE INTO hydrogen_charging_station (region_id, station_name, address, lat, lon) VALUES (3, '관음 수소충전소', '대구광역시 북구 관음로 127', 35.9427162, 128.5410675);
INSERT IGNORE INTO hydrogen_charging_station (region_id, station_name, address, lat, lon) VALUES (13, '부안군 수소충전소', '전북 부안군 행안면 역리 1200', 35.7384468, 126.7239253);
INSERT IGNORE INTO hydrogen_charging_station (region_id, station_name, address, lat, lon) VALUES (15, '하이넷 상주외답 수소충전소', '경북 상주시 외답동 718 외 8번지', 36.4182099, 128.1930277);
INSERT IGNORE INTO hydrogen_charging_station (region_id, station_name, address, lat, lon) VALUES (6, '린데코리아 대전SK주유소 수소충전소', '대전 유성구 현충원로 168', 36.3597725, 127.2905110);
INSERT IGNORE INTO hydrogen_charging_station (region_id, station_name, address, lat, lon) VALUES (13, '하이넷 군산지곡 수소충전소', '전북 군산시 월명로 112', 35.9539390, 126.7162358);
INSERT IGNORE INTO hydrogen_charging_station (region_id, station_name, address, lat, lon) VALUES (11, '음성휴게소(하남방향) 수소충전소', '충북 음성군 삼성면 양덕리 산98-5 외 15필지', 37.0213548, 127.4842428);
INSERT IGNORE INTO hydrogen_charging_station (region_id, station_name, address, lat, lon) VALUES (11, '하이넷 속리산휴게소 수소충전소', '충북 보은군 마로면 적암리 182-3 외7필지', 36.4465493, 127.8686000);
INSERT IGNORE INTO hydrogen_charging_station (region_id, station_name, address, lat, lon) VALUES (9, '하이넷 광명소하 수소충전소', '경기 광명시 소하동 610-4, 610-6', 37.4386746, 126.8942405);
INSERT IGNORE INTO hydrogen_charging_station (region_id, station_name, address, lat, lon) VALUES (15, '하이넷 구미 옥계 수소충전소', '경북 구미시 옥계동 483-1 외4필지', 36.1546428, 128.4160014);
INSERT IGNORE INTO hydrogen_charging_station (region_id, station_name, address, lat, lon) VALUES (10, '강원도 평창 대관령 수소충전소', '강원 평창군 대관령면 횡계리 14-297번지', 37.7099183, 128.7176602);
INSERT IGNORE INTO hydrogen_charging_station (region_id, station_name, address, lat, lon) VALUES (10, '하이넷 내린천휴게소 수소충전소', '강원 인제군 상남면 하남리 375-2 외 5필지', 37.9171547, 128.2878038);
INSERT IGNORE INTO hydrogen_charging_station (region_id, station_name, address, lat, lon) VALUES (11, '고등기술연구원연구조합(충주바이오수소복합충전소)', '충북 충주시 봉방동 649-8', 36.9694706, 127.8946250);
INSERT IGNORE INTO hydrogen_charging_station (region_id, station_name, address, lat, lon) VALUES (9, '린데수소충전소-화성휴게소(목포방향)', '경기 화성시 팔탄면 덕천리 산 102-1외 3필지(산102-10, 산105-2, 산105-6)', 37.1429250, 126.8793313);
INSERT IGNORE INTO hydrogen_charging_station (region_id, station_name, address, lat, lon) VALUES (7, '주식회사 경 수소충전소', '울산 북구 산업로 1274', 35.6156921, 129.3526827);
INSERT IGNORE INTO hydrogen_charging_station (region_id, station_name, address, lat, lon) VALUES (9, '하이넷 김포 걸포 수소충전소', '경기 김포시 걸포동 1550-62 외 3필지(423-66, 423-91, 2-248)', 37.6428652, 126.7090421);
INSERT IGNORE INTO hydrogen_charging_station (region_id, station_name, address, lat, lon) VALUES (9, '하이넷 안산 사사 수소충전소', '경기 안산시 상록구 사사동 181-6외 2필지(181-3,181-22)', 37.2953536, 126.9361782);
INSERT IGNORE INTO hydrogen_charging_station (region_id, station_name, address, lat, lon) VALUES (9, 'E1 고양 원당 수소충전소', '경기 고양시 덕양구 원당동 234-1', 37.6717129, 126.8569192);
INSERT IGNORE INTO hydrogen_charging_station (region_id, station_name, address, lat, lon) VALUES (13, '전주 삼천 수소충전소', '전북 전주시 완산구 삼천동 3가 407-1', 35.8023336, 127.0797514);
INSERT IGNORE INTO hydrogen_charging_station (region_id, station_name, address, lat, lon) VALUES (1, 'E1 서울 오곡 수소충전소', '서울 강서구 오곡동 699-14', 37.5558069, 126.7682219);
INSERT IGNORE INTO hydrogen_charging_station (region_id, station_name, address, lat, lon) VALUES (16, '창원가포수소충전소', '경남 창원시 마산합포구 가포신항남로 43', 35.1619898, 128.5772231);
INSERT IGNORE INTO hydrogen_charging_station (region_id, station_name, address, lat, lon) VALUES (1, '서울 강서 버스수소충전소', '서울 강서구 개화동 663', 37.5767228, 126.7988582);
INSERT IGNORE INTO hydrogen_charging_station (region_id, station_name, address, lat, lon) VALUES (6, '대전도시공사 낭월수소충전소', '대전 동구 구도동 77-4 외 9필지', 36.2681578, 127.4786236);
INSERT IGNORE INTO hydrogen_charging_station (region_id, station_name, address, lat, lon) VALUES (14, '하이넷 광양 성황 수소충전소', '전남 광양시 성황동 75-3, 76', 34.9479508, 127.6773332);
INSERT IGNORE INTO hydrogen_charging_station (region_id, station_name, address, lat, lon) VALUES (6, '하이넷 대전 중촌 수소충전소', '대전 중구 중촌동 413-43', 36.3480210, 127.4059337);
INSERT IGNORE INTO hydrogen_charging_station (region_id, station_name, address, lat, lon) VALUES (13, '오수(완주)휴게소 수소충전소', '전북 임실군 오수면 대명리 783-16, 783-22', 35.5402509, 127.3115824);
INSERT IGNORE INTO hydrogen_charging_station (region_id, station_name, address, lat, lon) VALUES (3, '한국그린충전소(주)대구지사(대구혁신도시 수소충전소)', '대구 동구 첨단로 120', 35.8870961, 128.7298433);
INSERT IGNORE INTO hydrogen_charging_station (region_id, station_name, address, lat, lon) VALUES (13, '덕유산(하남) 휴게소 수소충전소', '전북 무주군 안성면 공진리 471번지 외18필지', 35.8160345, 127.6463683);
INSERT IGNORE INTO hydrogen_charging_station (region_id, station_name, address, lat, lon) VALUES (10, '동해(삼척) 휴게소 수소충전소', '강원 동해시 망상동 산3-1도, 산2-10도', 37.6008082, 129.0746468);
INSERT IGNORE INTO hydrogen_charging_station (region_id, station_name, address, lat, lon) VALUES (4, '하이넷 인천 오류 수소충전소', '인천 서구 오류동 1708번지(환경산업연구단지 내)', 37.5685988, 126.6476777);
INSERT IGNORE INTO hydrogen_charging_station (region_id, station_name, address, lat, lon) VALUES (14, '하이넷 함평천지휴게소 수소충전소', '전남 함평군 함평읍 옥산리 741-1, 741-3, 산78-5', 35.0680379, 126.4790045);
INSERT IGNORE INTO hydrogen_charging_station (region_id, station_name, address, lat, lon) VALUES (12, '하이넷 대천휴게소(서울방향) 수소충전소', '충남 보령시 주교면 주교리 903-18, 903-54', 36.3746493, 126.5572031);
INSERT IGNORE INTO hydrogen_charging_station (region_id, station_name, address, lat, lon) VALUES (9, '하이넷 구리토평 수소충전소', '경기 구리시 토평동 465-92 외 3필지(465-93,465-94, 465-319)', 37.5775823, 127.1460796);
INSERT IGNORE INTO hydrogen_charging_station (region_id, station_name, address, lat, lon) VALUES (9, '(주)에이치케이하이웨이(평택휴게소(상,하) 수소자동차충전소', '경기 평택시 청북읍 평택제천고속도로 6', 37.0450508, 126.9443794);
INSERT IGNORE INTO hydrogen_charging_station (region_id, station_name, address, lat, lon) VALUES (9, '과천 LPG 수소충전소', '경기 과천시 과천동 30', 37.4556438, 127.0102746);
INSERT IGNORE INTO hydrogen_charging_station (region_id, station_name, address, lat, lon) VALUES (15, '하이넷 칠곡휴게소(부산방향) 수소충전소', '경북 칠곡군 왜관읍 아곡리 323-1', 36.0182199, 128.4294771);
INSERT IGNORE INTO hydrogen_charging_station (region_id, station_name, address, lat, lon) VALUES (10, '강원도원주수소충전소', '강원 원주시 문막읍 원문로 1320', 37.3316459, 127.8502765);
INSERT IGNORE INTO hydrogen_charging_station (region_id, station_name, address, lat, lon) VALUES (11, '청주 문의 수소충전소', '충북 청주시 상당구 문의면 미천고은로 61', 36.5294523, 127.5025520);
INSERT IGNORE INTO hydrogen_charging_station (region_id, station_name, address, lat, lon) VALUES (11, '진천IC 수소충전소', '충북 진천군 진천읍 상신리 396-14, 396-28, 396-29, 396-79, 송두리 152-2', 36.8693962, 127.4627139);
INSERT IGNORE INTO hydrogen_charging_station (region_id, station_name, address, lat, lon) VALUES (8, 'K-수소철도 오송충전소', '세종 전동면 심중리 189번지 외 7필지', 36.6582238, 127.2800114);
INSERT IGNORE INTO hydrogen_charging_station (region_id, station_name, address, lat, lon) VALUES (12, '하이넷 당진수소출하센터 [이동식 수소자동차 충전소]', '충남 당진시 송산면 동곡리 358-2', 36.9746153, 126.7057485);
INSERT IGNORE INTO hydrogen_charging_station (region_id, station_name, address, lat, lon) VALUES (10, '삼척 수소버스충전소', '강원 삼척시 교동 산208, 산209, 295, 296, 산210-1', 37.4585136, 129.1743974);
INSERT IGNORE INTO hydrogen_charging_station (region_id, station_name, address, lat, lon) VALUES (16, '(재)창원산업진흥원(창원대원충전소)', '경남 창원시 성산구 대원동 89', 35.2222560, 128.6427811);
INSERT IGNORE INTO hydrogen_charging_station (region_id, station_name, address, lat, lon) VALUES (15, '하이넷 김천휴게소(서울) 수소충전소', '경북 김천시 능소면 신촌리 728-1, 산9-1', 36.1309455, 128.1621134);
INSERT IGNORE INTO hydrogen_charging_station (region_id, station_name, address, lat, lon) VALUES (1, '서소문 수소충전소', '서울 중구 덕수궁길 15 서울특별시 서소문청사 내', 37.5643408, 126.9756125);
INSERT IGNORE INTO hydrogen_charging_station (region_id, station_name, address, lat, lon) VALUES (9, '평택시 월곡 수소버스충전소', '경기 평택시 월곡동 378-2', 37.0184684, 127.1319762);
INSERT IGNORE INTO hydrogen_charging_station (region_id, station_name, address, lat, lon) VALUES (11, '충주수소버스충전소', '충북 충주시 목행동 산68, 산69-5, 산69-6, 45-1, 850-57, 45-6', 37.0056419, 127.9299148);
INSERT IGNORE INTO hydrogen_charging_station (region_id, station_name, address, lat, lon) VALUES (5, '하이넷 광주 서구 수소충전소', '광주 서구 매월동 367-4, 367-5, 367-10', 35.1121128, 126.8403825);
INSERT IGNORE INTO hydrogen_charging_station (region_id, station_name, address, lat, lon) VALUES (15, '하이넷 경주 충효 수소충전소', '경북 경주시 충효동 1534, 1539-4', 35.8413308, 129.1655550);
INSERT IGNORE INTO hydrogen_charging_station (region_id, station_name, address, lat, lon) VALUES (11, '청주(서울)휴게소 수소충전소', '충북 청주시 흥덕구 옥산면 장남리 산1-2, 사정리 산1-3, 산1-4', 36.7178250, 127.3476175);
INSERT IGNORE INTO hydrogen_charging_station (region_id, station_name, address, lat, lon) VALUES (4, '하이넷 인천 연희 수소충전소', '인천 서구 연희동 211-3, 211-14', 37.5526438, 126.6720056);
INSERT IGNORE INTO hydrogen_charging_station (region_id, station_name, address, lat, lon) VALUES (2, '하이넷 해운대 수소충전소', '부산 해운대구 송정동 77-7,77-3,77-8,78-1,78-2,79-1', 35.1971838, 129.2055110);
INSERT IGNORE INTO hydrogen_charging_station (region_id, station_name, address, lat, lon) VALUES (9, '안성맞춤(제천)휴게소 수소충전소', '경기 안성시 서운면 신능리 51-10 외 5필지(51-11, 51-13, 51-14, 51-17, 51-18)', 36.9689891, 127.2772034);
INSERT IGNORE INTO hydrogen_charging_station (region_id, station_name, address, lat, lon) VALUES (11, '충주 이동식 수소충전소', '충북 충주시 대소원면 영평리 516', 37.0009774, 127.8162980);
INSERT IGNORE INTO hydrogen_charging_station (region_id, station_name, address, lat, lon) VALUES (13, '코하이젠 전주 평화 수소충전소', '전북 전주시 완산구 평화동 3가 264-13', 35.7772646, 127.1223844);
INSERT IGNORE INTO hydrogen_charging_station (region_id, station_name, address, lat, lon) VALUES (9, '한국가스공사 수소자동차충전소', '경기 화성시 팔탄면 구장리 3-49, 창곡리 1034-2', 37.1856012, 126.8884557);
INSERT IGNORE INTO hydrogen_charging_station (region_id, station_name, address, lat, lon) VALUES (14, '고흥군 수소충전소', '전남 고흥군 영남면 우천리 265-1, 376-1, 1426, 267-1, 265-2, 266-3, 263-2, 1446, 261-2, 261-3, 266, 산1-40, 산1-41, 산1-42', 34.6165978, 127.4749368);
INSERT IGNORE INTO hydrogen_charging_station (region_id, station_name, address, lat, lon) VALUES (9, '하이넷 의왕 왕곡 수소충전소', '경기 의왕시 경수대로 75', 37.3342037, 126.9803959);
INSERT IGNORE INTO hydrogen_charging_station (region_id, station_name, address, lat, lon) VALUES (14, '하이넷 여수 둔덕 수소충전소', '전남 여수시 둔덕동 290-9, 290-6, 409-2', 34.7779866, 127.6947367);
INSERT IGNORE INTO hydrogen_charging_station (region_id, station_name, address, lat, lon) VALUES (12, '현대제철(주)당진제철소 차량용 수소자동차충전소', '충남 당진시 송산면 동곡리 358 (송산2 일반산업단지 D16블럭)', 36.9719802, 126.6974613);
INSERT IGNORE INTO hydrogen_charging_station (region_id, station_name, address, lat, lon) VALUES (16, '(재)창원산업진흥원 마산자유무역지역 수소충전소', '경남 창원시 마산회원구 양덕동 975-7', 35.2113633, 128.5891978);
INSERT IGNORE INTO hydrogen_charging_station (region_id, station_name, address, lat, lon) VALUES (6, '하이넷 대전 삼정 수소충전소', '대전 동구 옥천로 309', 36.3223492, 127.4713967);
INSERT IGNORE INTO hydrogen_charging_station (region_id, station_name, address, lat, lon) VALUES (10, '하이넷 강릉 홍제 수소충전소', '강원 강릉시 홍제동 100', 37.7491730, 128.8735587);
INSERT IGNORE INTO hydrogen_charging_station (region_id, station_name, address, lat, lon) VALUES (9, '하이넷 화성 비봉 수소충전소', '경기 화성시 비봉면 구포리 35', 37.2474296, 126.8903782);
INSERT IGNORE INTO hydrogen_charging_station (region_id, station_name, address, lat, lon) VALUES (7, '울산 수소물류시스템(화물차 수소충전소)', '울산 남구 상개동 50', 35.5049086, 129.3201357);
INSERT IGNORE INTO hydrogen_charging_station (region_id, station_name, address, lat, lon) VALUES (16, '볼보그룹코리아㈜ 합천 수소충전소', '경남 합천시 대양면 대목리 1108, 1111', 35.5339115, 128.1601692);
INSERT IGNORE INTO hydrogen_charging_station (region_id, station_name, address, lat, lon) VALUES (4, '내트럭(주)인천사업소(인천NTH수소충전소)', '인천 중구 신흥동3가 70', 37.4320498, 126.6244469);
INSERT IGNORE INTO hydrogen_charging_station (region_id, station_name, address, lat, lon) VALUES (16, '코하이젠 창원 성주 수소충전소', '경남 창원시 성산구 성주동 181', 35.1890404, 128.7224790);
INSERT IGNORE INTO hydrogen_charging_station (region_id, station_name, address, lat, lon) VALUES (15, '안동(춘천)휴게소 수소충전소', '경북 안동시 풍산읍 계평리 산 133-4', 36.5535731, 128.6445943);
INSERT IGNORE INTO hydrogen_charging_station (region_id, station_name, address, lat, lon) VALUES (12, '보령시 수소충전소', '충남 보령시 내항동 256-3, 255-3', 36.3348412, 126.5933882);
INSERT IGNORE INTO hydrogen_charging_station (region_id, station_name, address, lat, lon) VALUES (17, '함덕그린 수소충전소', '제주 제주시 함와로 170', 33.5253268, 126.6774864);
INSERT IGNORE INTO hydrogen_charging_station (region_id, station_name, address, lat, lon) VALUES (2, '동부산공영수소버스충전소', '부산 기장군 기장읍 청강리 416', 35.2231444, 129.2122454);
INSERT IGNORE INTO hydrogen_charging_station (region_id, station_name, address, lat, lon) VALUES (9, '기흥휴게소 수소충전소', '경기 용인시 기흥구 공세동 263-6, 269, 277-7', 37.2340565, 127.1054002);
INSERT IGNORE INTO hydrogen_charging_station (region_id, station_name, address, lat, lon) VALUES (9, '평택항 수소교통복합기지 수소충전소', '경기 평택시 포승읍 만호리 611-1', 36.9731023, 126.8392882);
INSERT IGNORE INTO hydrogen_charging_station (region_id, station_name, address, lat, lon) VALUES (11, '하이넷 음성 맹동 수소충전소', '충북 음성군 맹동면 쌍정리 757', 36.9238263, 127.5633161);
INSERT IGNORE INTO hydrogen_charging_station (region_id, station_name, address, lat, lon) VALUES (13, '부안 곰소 수소충전소', '전북 부안군 진서면 곰소리 2-2', 35.5943279, 126.6159796);
INSERT IGNORE INTO hydrogen_charging_station (region_id, station_name, address, lat, lon) VALUES (2, '대도하이젠㈜ 동삼동 수소충전소', '부산 영도구 동삼동 186-3 외4필지', 35.0850360, 129.0762114);
INSERT IGNORE INTO hydrogen_charging_station (region_id, station_name, address, lat, lon) VALUES (10, '(주)횡성수소충전발전소', '강원 횡성군 묵계리 176, 176-6, 176-15, 176-16', 37.4738297, 127.9776742);
INSERT IGNORE INTO hydrogen_charging_station (region_id, station_name, address, lat, lon) VALUES (16, '한국자동차연구원 부품실증형 수소충전소', '경남 창원시 성산구 상복동 창원국가산업단지확장구역 A5 블럭 로트', 35.1901500, 128.6625503);
INSERT IGNORE INTO hydrogen_charging_station (region_id, station_name, address, lat, lon) VALUES (14, '코하이젠 여수주삼 수소충전소', '전남 여수시 주삼동 1029-4', 34.7938291, 127.6600021);
INSERT IGNORE INTO hydrogen_charging_station (region_id, station_name, address, lat, lon) VALUES (16, '(재)창원산업진흥원 창원터널 수소충전소', '경남 창원시 성산구 불모산동 463-2 외 5필지', 35.1920434, 128.7206668);
INSERT IGNORE INTO hydrogen_charging_station (region_id, station_name, address, lat, lon) VALUES (1, '도봉 수소충전소', '서울 도봉구 도봉동 378, 377, 375-1, 375-2, 375, 374', 37.6928319, 127.0446508);
INSERT IGNORE INTO hydrogen_charging_station (region_id, station_name, address, lat, lon) VALUES (14, '하이넷 장흥정남진휴게소 수소충전소', '전남 장흥군 부산면 호계리 269-4 외 1필지', 34.7204558, 126.9304411);
INSERT IGNORE INTO hydrogen_charging_station (region_id, station_name, address, lat, lon) VALUES (11, '청주 성일 수소충전소', '충북 청주시 서원구 남이면 부용외천리 468-1 외 3필지(471, 471-3, 1124-1)', 36.5309439, 127.4274852);
INSERT IGNORE INTO hydrogen_charging_station (region_id, station_name, address, lat, lon) VALUES (13, '건설기계부품연구원 수소충전소', '전북 군산시 나포면 나포리 851', 36.0518651, 126.8629739);
INSERT IGNORE INTO hydrogen_charging_station (region_id, station_name, address, lat, lon) VALUES (16, '비케이에너지(주) 양산석산 수소자동차충전소', '경남 양산시 동면 석산리 1106-6 외 9필지', 35.3257249, 129.0326881);
INSERT IGNORE INTO hydrogen_charging_station (region_id, station_name, address, lat, lon) VALUES (13, '전주 유성 LPG & 수소충전소', '전북 전주시 완산구 춘향로 4981 외 4필지', 35.7868402, 127.1938981);
INSERT IGNORE INTO hydrogen_charging_station (region_id, station_name, address, lat, lon) VALUES (2, '강서공영차고지 수소버스충전소', '부산 강서구 화전동 산77-1, 산76, 산75, 산74, 산80, 산89-1, 산79-2, 산78, 산79-1, 산79, 산81, 산81-2, 313-14, 313-6, 301, 302', 35.1009673, 128.8655313);
INSERT IGNORE INTO hydrogen_charging_station (region_id, station_name, address, lat, lon) VALUES (9, '코하이젠 양주 회정 수소충전소', '경기 양주시 회정동 7-6 외 7필지(7-14, 7-17, 7-24, 7-25, 7-29, 7-30, 은현면 용암리 281 일부)', 37.8547755, 127.0535689);
INSERT IGNORE INTO hydrogen_charging_station (region_id, station_name, address, lat, lon) VALUES (11, '영동군 수소충전소', '충북 영동군 영동읍 계산리 352-1 외 1필지', 36.1839868, 127.7764955);
INSERT IGNORE INTO hydrogen_charging_station (region_id, station_name, address, lat, lon) VALUES (13, '완주수소생산기지', '전북 완주군 봉동읍 둔산리 951-7, 951-8', 35.9525818, 127.1284377);
INSERT IGNORE INTO hydrogen_charging_station (region_id, station_name, address, lat, lon) VALUES (16, '중부권(김해)수소충전소', '경남 김해시 풍유동 202-15 외 4필지', 35.2193959, 128.8429195);
INSERT IGNORE INTO hydrogen_charging_station (region_id, station_name, address, lat, lon) VALUES (5, '광주 오렌지 수소충전소', '광주 광산구 신촌동 682-5', 35.1438870, 126.8168760);
INSERT IGNORE INTO hydrogen_charging_station (region_id, station_name, address, lat, lon) VALUES (4, '송도 수소충전소', '인천 연수구 송도동 13-60', 37.3677557, 126.6380382);
INSERT IGNORE INTO hydrogen_charging_station (region_id, station_name, address, lat, lon) VALUES (15, '코하이젠 포항 장흥 수소충전소', '경북 포항시 남구 장흥동 470-6', 35.9874642, 129.3624726);
INSERT IGNORE INTO hydrogen_charging_station (region_id, station_name, address, lat, lon) VALUES (2, '부산 장림 액화수소충전소', '부산 사하구 장림동 1080', 35.0789152, 128.9533779);
INSERT IGNORE INTO hydrogen_charging_station (region_id, station_name, address, lat, lon) VALUES (7, '언양 수소충전소', '울산 울주군 삼남읍 신화리 980-1', 35.5378857, 129.1257020);
INSERT IGNORE INTO hydrogen_charging_station (region_id, station_name, address, lat, lon) VALUES (15, '구미 선기 액화수소충전소', '경북 구미시 선기동 447-2 외 3필지(447-3, 447-6, 448-4)', 36.1415151, 128.3014388);
INSERT IGNORE INTO hydrogen_charging_station (region_id, station_name, address, lat, lon) VALUES (13, '익산 목천 액화수소충전소', '전북 익산시 목천동 67-35, 67-41', 35.9333433, 126.9206434);
INSERT IGNORE INTO hydrogen_charging_station (region_id, station_name, address, lat, lon) VALUES (4, '인천 가좌 액화수소충전소', '인천 서구 가좌동 178-131', 37.4918848, 126.6507139);
INSERT IGNORE INTO hydrogen_charging_station (region_id, station_name, address, lat, lon) VALUES (11, '청주 송절 액화수소충전소', '충북 청주시 흥덕구 송절동 419-1 외 2필지(화계동 37-11, 봉명동 379-2)', 36.6484342, 127.4582594);
INSERT IGNORE INTO hydrogen_charging_station (region_id, station_name, address, lat, lon) VALUES (11, '영동 계산 액화수소충전소', '충북 영동군 영동읍 계산리 831-2, 832, 891-10', 36.1853004, 127.7704953);
INSERT IGNORE INTO hydrogen_charging_station (region_id, station_name, address, lat, lon) VALUES (9, '경기 이천 액화수소충전소', '경기 이천시 대월면 대흥리 34-9', 37.2417999, 127.4772277);
INSERT IGNORE INTO hydrogen_charging_station (region_id, station_name, address, lat, lon) VALUES (8, '코하이젠 세종대평 수소충전소', '세종 대평동 586-25 외 3필지(586-15, 586-23, 586-24)', 36.4690321, 127.2717623);
INSERT IGNORE INTO hydrogen_charging_station (region_id, station_name, address, lat, lon) VALUES (14, '목포 유정 수소충전소', '전남 목포시 백년대로 221', 34.8011548, 126.4129181);
INSERT IGNORE INTO hydrogen_charging_station (region_id, station_name, address, lat, lon) VALUES (4, '인천 남동테크노파크 수소충전소', '인천 남동구 수산동 470-6', 37.4297363, 126.7347855);
INSERT IGNORE INTO hydrogen_charging_station (region_id, station_name, address, lat, lon) VALUES (14, '한국자동차연구원 전남본부 수소충전소', '전남 영광군 대마면 송죽리 1030-10', 35.2807658, 126.5814389);
INSERT IGNORE INTO hydrogen_charging_station (region_id, station_name, address, lat, lon) VALUES (4, '수도권 매립지 수소충전소', '인천 서구 왕길동 61-11', 37.5829941, 126.6492748);
INSERT IGNORE INTO hydrogen_charging_station (region_id, station_name, address, lat, lon) VALUES (16, '하이스테이션 통영 수소충전소', '경남 통영시 광도면 노산리 971', 34.8945303, 128.4187096);
INSERT IGNORE INTO hydrogen_charging_station (region_id, station_name, address, lat, lon) VALUES (9, '덕평휴게소 수소충전소', '경기 이천시 호법면 단천리 산 50-2, 50-3, 50-4, 4-2', 37.2433335, 127.3910699);
INSERT IGNORE INTO hydrogen_charging_station (region_id, station_name, address, lat, lon) VALUES (2, '대진여객 수소충전소', '부산광역시 기장군 철마면 고촌리 산 95-64', 35.2362344, 129.1565486);
INSERT IGNORE INTO hydrogen_charging_station (region_id, station_name, address, lat, lon) VALUES (10, '춘천시 삼천동 수소충전소', '강원 춘천시 삼천동 392-30', 37.8685429, 127.6907763);
INSERT IGNORE INTO hydrogen_charging_station (region_id, station_name, address, lat, lon) VALUES (9, '코하이젠 파주봉서 수소충전소', '경기 파주시 파주읍 봉서리 829-6, 829-7, 829-8', 37.8442751, 126.7894576);
INSERT IGNORE INTO hydrogen_charging_station (region_id, station_name, address, lat, lon) VALUES (4, '인천 경서 액화수소충전소', '인천광역시 서구 경명대로 276 외 1필지', 37.5566154, 126.6395868);
INSERT IGNORE INTO hydrogen_charging_station (region_id, station_name, address, lat, lon) VALUES (7, '고려아연 수소충전소', '울산광역시 울주군 온산읍 공단로 318 (고려아연 온산제련소 내)', 35.4313778, 129.3390796);
INSERT IGNORE INTO hydrogen_charging_station (region_id, station_name, address, lat, lon) VALUES (9, '하이넷 안성맞춤휴게소(평택방향) 수소충전소', '경기도 안성시 서운면 평택제천고속도로 41', 36.9691935, 127.2759901);
INSERT IGNORE INTO hydrogen_charging_station (region_id, station_name, address, lat, lon) VALUES (9, '부천 춘의 수소충전소', '경기도 부천시 원미구 춘의동 369 외 4필지(369-1, 369-2, 367, 산80)', 37.5053736, 126.8171933);
INSERT IGNORE INTO hydrogen_charging_station (region_id, station_name, address, lat, lon) VALUES (10, '원주장양 액화수소충전소', '강원특별자치도 원주시 소초면 북원로 3118', 37.4207898, 127.9640902);
INSERT IGNORE INTO hydrogen_charging_station (region_id, station_name, address, lat, lon) VALUES (17, '이동형 수소충전소 제주충전소', '제주특별자치도 제주시 도두일동 2196-1', 33.4958711, 126.4684971);
INSERT IGNORE INTO hydrogen_charging_station (region_id, station_name, address, lat, lon) VALUES (17, '이동형 수소충전소 제주에너지공사', '제주특별자치도 제주시 구좌읍 행원리 21-1', 33.5595645, 126.8179977);
INSERT IGNORE INTO hydrogen_charging_station (region_id, station_name, address, lat, lon) VALUES (2, '하이스원(주)부산 회동동 수소충전소', '부산광역시 금정구 회동동 517-23', 35.2306637, 129.1246081);
INSERT IGNORE INTO hydrogen_charging_station (region_id, station_name, address, lat, lon) VALUES (2, '금정노포 액화수소충전소', '부산광역시 금정구 노포동 236-6', 35.2902789, 129.0968900);
INSERT IGNORE INTO hydrogen_charging_station (region_id, station_name, address, lat, lon) VALUES (7, '태화강역 수소충전소', '울산광역시 남구 삼산동 23-9 외 6필지', 35.5426539, 129.3551198);
INSERT IGNORE INTO hydrogen_charging_station (region_id, station_name, address, lat, lon) VALUES (9, 'E1 고양 수소버스충전소', '경기도 고양시 덕양구 통일로493번길 46', 37.6781372, 126.8847153);
INSERT IGNORE INTO hydrogen_charging_station (region_id, station_name, address, lat, lon) VALUES (9, '코하이젠 안산본오 수소충전소', '경기도 안산시 상록구 본오동 728-1', 37.2898682, 126.8732499);
INSERT IGNORE INTO hydrogen_charging_station (region_id, station_name, address, lat, lon) VALUES (9, '하이넷 수원권선 수소충전소', '경기도 수원시 권선구 탑동 902-4', 37.2563433, 126.9704946);
INSERT IGNORE INTO hydrogen_charging_station (region_id, station_name, address, lat, lon) VALUES (9, '안산 수소교통복합기지 수소충전소', '경기도 안산시 단원구 원시동 772-8', 37.3154192, 126.7907407);
INSERT IGNORE INTO hydrogen_charging_station (region_id, station_name, address, lat, lon) VALUES (9, '화성 송산 수소충전소', '경기도 화성시 송산면 삼존리 647-5 외 2필지', 37.2165826, 126.7635514);
INSERT IGNORE INTO hydrogen_charging_station (region_id, station_name, address, lat, lon) VALUES (7, '코하이젠 울산 명촌 수소충전소', '울산광역시 북구 명촌동 433-11', 35.5535355, 129.3611561);
INSERT IGNORE INTO hydrogen_charging_station (region_id, station_name, address, lat, lon) VALUES (3, '대구 검단 액화수소충전소', '대구광역시 북구 검단동 1883', 35.9147051, 128.6218117);
INSERT IGNORE INTO hydrogen_charging_station (region_id, station_name, address, lat, lon) VALUES (4, '인천 오류 액화수소충전소', '인천광역시 서구 오류동 1620-7', 37.5891373, 126.6072936);
INSERT IGNORE INTO hydrogen_charging_station (region_id, station_name, address, lat, lon) VALUES (13, '전주 상림 수소충전소', '전북특별자치도 전주시 완산구 콩쥐팥쥐로 1586', 35.8247475, 127.0729679);
INSERT IGNORE INTO hydrogen_charging_station (region_id, station_name, address, lat, lon) VALUES (9, '고양 대화 액화수소충전소', '경기도 고양시 일산서구 대수길 105', 37.6810112, 126.7385509);
INSERT IGNORE INTO hydrogen_charging_station (region_id, station_name, address, lat, lon) VALUES (9, '성남 사송 액화수소충전소', '경기도 성남시 수정구 사송로 41', 37.4151823, 127.1154021);
INSERT IGNORE INTO hydrogen_charging_station (region_id, station_name, address, lat, lon) VALUES (10, '춘천 액화수소충전소', '강원특별자치도 춘천시 동내면 학곡리 848', 37.8221715, 127.7604215);
INSERT IGNORE INTO hydrogen_charging_station (region_id, station_name, address, lat, lon) VALUES (9, '평택 모곡 액화수소충전소', '경기도 평택시 모곡동 544, 545, 546', 37.0260688, 127.0755845);
INSERT IGNORE INTO hydrogen_charging_station (region_id, station_name, address, lat, lon) VALUES (4, '인천 신흥 액화수소충전소', '인천광역시 중구 신흥동3가 65-33', 37.4364191, 126.6235440);
INSERT IGNORE INTO hydrogen_charging_station (region_id, station_name, address, lat, lon) VALUES (13, '코하이젠 익산 송학 수소충전소', '전북특별자치도 익산시 오산면 평동로 349', 35.9390172, 126.9015734);
INSERT IGNORE INTO hydrogen_charging_station (region_id, station_name, address, lat, lon) VALUES (13, '김제시 수소충전소', '전북특별자치도 김제시 하동 414번지 외 3필지', 35.8141607, 126.8893515);
INSERT IGNORE INTO hydrogen_charging_station (region_id, station_name, address, lat, lon) VALUES (13, '고창 고인돌휴게소 수소충전소', '전북특별자치도 고창군 신림면 벽송리 산145 외 4필지', 35.4634785, 126.6729139);
INSERT IGNORE INTO hydrogen_charging_station (region_id, station_name, address, lat, lon) VALUES (9, '현대자동차 이동식 수소충전소', '경기도 성남시 수정구 사송동 439-3 외 5필지', 37.4113484, 127.1130856);
INSERT IGNORE INTO hydrogen_charging_station (region_id, station_name, address, lat, lon) VALUES (9, 'GS칼텍스 평택동방주유소 수소충전소', '경기도 평택시 신장동 75-1', 37.0892763, 127.0633204);
INSERT IGNORE INTO hydrogen_charging_station (region_id, station_name, address, lat, lon) VALUES (10, '평창 대관령 액화수소충전소', '강원특별자치도 평창군 대관령면 횡계리 14-297', 37.7099183, 128.7176602);
INSERT IGNORE INTO hydrogen_charging_station (region_id, station_name, address, lat, lon) VALUES (4, '인천 송도 액화수소충전소', '인천광역시 연수구 송도동 13-60', 37.3677557, 126.6380382);
INSERT IGNORE INTO hydrogen_charging_station (region_id, station_name, address, lat, lon) VALUES (6, '금고수소버스충전소', '대전광역시 유성구 금남구즉로 1158 외 2필지 (금고동)', 36.4636671, 127.3871012);
INSERT IGNORE INTO hydrogen_charging_station (region_id, station_name, address, lat, lon) VALUES (4, '인천 운서 액화수소충전소', '인천광역시 중구 제2터미널대로 270', 37.4858708, 126.4121083);
INSERT IGNORE INTO hydrogen_charging_station (region_id, station_name, address, lat, lon) VALUES (9, '수원 고색 액화수소충전소', '경기도 수원시 권선구 고색동 1196', 37.2372043, 126.9879976);
INSERT IGNORE INTO hydrogen_charging_station (region_id, station_name, address, lat, lon) VALUES (10, '태백 오케이 수소충전소', '강원특별자치도 태백시 동태백로 1141', 37.1647742, 129.0312523);
INSERT IGNORE INTO hydrogen_charging_station (region_id, station_name, address, lat, lon) VALUES (9, '용인(인천방향)휴게소 수소충전소', '경기도 용인시 처인구 고림동 72-1 외 4필지', 37.2478106, 127.2364162);

INSERT IGNORE INTO faq (question, answer) VALUES ('[민간보조사업] 수소충전소 민간보조 사업 지원기준 및 절차는?', '• 한국자동차환경협회 업무대행업무로 자세한 사항 아래 참조(연료구입비 지원사업 포함) - (관련사이트) 한국자동차환경협회( https://www.aea.or.kr/biz/hcInfra.do ) - (참고자료) 2023년 수소차 보급 및 충전소 설치사업 보조금 업무처리지침(환경부) - (기타문의) 070-4027-0584');
INSERT IGNORE INTO faq (question, answer) VALUES ('[주요설비] 수소충전소 주요설비 구성은?', '• 튜브트레일러 기준 1. (수소공급) 튜브트레일러: 수소충전소 내 수소를 공급하는 이동식 저장설비(200bar, 300kg) 2. (수소압축) 압축기: 저장설비의 수소를 고압으로 승압하여 저장용기에 저장(→ 1,000bar) 3. (수소저장) 저장용기: 압축설비에서 고압으로 전환된 수소를 저장(저압, 중압, 고압용기로 구성) 4. (냉각) 냉각기(칠러): 수소 온도 상승에 따른 수소차의 저장탱크 보호를 위해 수소온도를 -40°c까지 하강(압축과 충전시 온도 상승 제어) 5, (충전) 디스펜서: 수소를 수소차량에 충전하는 기기');
INSERT IGNORE INTO faq (question, answer) VALUES ('[관계정부부처] 수소충전 구축에 따른 정부기관 역할 분담은?', '• 환경부는 수소충전소 보급 총괄기관이며, 수소 생산·유통과 관련하여 산자부, 국토부 등과 협업하고 있음 - (환경부) 수소충전소 구축 총괄, 수소충전소 배치계획 수립, 수소충전소 운영비 지원, 수소충전소 인허가 특례 도입 등 - (산자부)  수소 생산·유통 총괄, 수소충전소 부품 국산화(R&D), 수소연료 생산시설 구축, 수소충전소 안전관리(한국가스안전공사) 등 - (국토부) 고속도로(한국도로공사) 및 교통물류거점(화물차休) 수소충전소 구축');
INSERT IGNORE INTO faq (question, answer) VALUES ('[허가] 수소충전소 구축시 인허가 의제란?', '• "대기환경보전법" 개정(''21년 4월)으로 환경부장관이 설치계획을 승인할 경우 해당 인허가 등을 받은 것으로 간주하는 의제(한시적 시행) * (관련법) 대기환경보전법 제58조의11(수소연료공급시설 설치계획의 승인) • 지역별 인허가 의제 처리 담당기관 현황 담당기관 설치지역 수도권대기환경청 • 서울특별시, 인천광역시 및 경기도(수원시,안양시,부천시, 광명시,평택시,안산시,과천시,오산시,군포시,의왕시,시흥시,김포시,화성시) 한강유역환경청 • 경기도(수원시,안양시,부천시,광명시, 평택시,안산시,과천시,오산시,군포시,의왕시,시흥시,김포시,화성시 제외) 낙동강유역환경청 • 부산광역시,울산광역시,경상남도(하동군 및 남해군 제외) 금강유역환경청 • 대전광역시,세종특별자치시,충청북도(원주청 관할지 제외) 영산강유역환경청 • 광주광역시,전라남도,경상남도(하동군,남해군),제주도 원주지방환경청 • 강원도, 충청북도(충주시,제천시,괴산군,음성군,단양군) 대구환경청 • 대구광역시, 경상북도 전북지방환경청 • 전라북도');
INSERT IGNORE INTO faq (question, answer) VALUES ('[부지선정] 수소충전소 구축 필요 면적 및 절차는?', '• (부지 면적) 단독으로 구축 시 약 1,300㎡ 필요(최소 300평 이상) 주유소 등 복합 형태 구축시 약 660㎡ 필요(최소 200평) • (구축 절차) 부지선정 > 기초·실시설계 > 건축허가 > 기술검토(KGS) > 고압가스허가  > 공사착공  > 완성검사  > 시운전  > 상업운전개시(평균 1년 6개월 소요)');
INSERT IGNORE INTO faq (question, answer) VALUES ('[기대효과] 수소(충전소)의 기대 효과는?', '친환경에너지로 미래 경제적 부가가치 창출 ① 수소는 기존연료 전지를 대체하는 지속가능한 미래형 에너지로, ② 온실가스 배출량과, 미세먼지를 정화하는 친환경에너지이며, ③ 지역의 관광유치와 일자리 창출 등 경제적 부가가치 증대 효과 · 연간 약 70조원 경제효과 및 60만명 고용창출(50년 기준, 맥킨지)');
INSERT IGNORE INTO faq (question, answer) VALUES ('[안정성] 수소충전소는 얼마나 안전하게 관리하나요?', '수소충전소 구축에서부터 관리까지 전방위적 안전조치 시행 ① 선진국과 동일하게 국제기준(ISO)을 안전검사를 통과한 부품을 사용 ② 주요설비(안전밸브, 고압압력용기 등)에 대한 검사 및 인증실시 ③ 가스누출감지경보장치, 화염감지기, 온도·압력센서 등 3중 안전장치 설치 ④ 보호시설과 안전거리를 확보하고 안전관리요원이 상주하여 관리');
INSERT IGNORE INTO faq (question, answer) VALUES ('[안정성] 수소충전소도 수소폭탄처럼 폭발할 수 있나요?', '에너지로 사용되는 수소가스는 산소와 수소의 단순 화학 반응원리를 사용하기에 수소폭탄과 같은 폭발위험이 없음 ① 수소폭탄은 일반적 수소와 원자구조가 다른 중수소, 삼중수소를 사용 ② 자연 상태에서 존재하기 힘든 수소로 인위적으로 만들어야 함 ③ 특히, 수소폭탄의 폭발은 1억℃ 이상의 온도에서 발생하고 수천 기압이 필요하다 ④즉, 자연에 존재하는 수소에너지가 수소폭탄처럼 폭발하는 건 가능성이 낮다는 중론임');
INSERT IGNORE INTO faq (question, answer) VALUES ('[안정성] 수소가스가 누출되면 위험하지 않나요?', '수소는 우리가 주변에서 일반적으로 사용하는 연료인 LPG, LNG, 가솔린 등과 비교할 때 안전성이 높은 에너지원임. 또한, 실제로 수소는 공기보다 가벼워 누출되더라도 급속도로 확산되어 자연 상태에서 발화 가능성은 극히 불가 * 참고. 연료별 상대적 위험도 비교');
INSERT IGNORE INTO faq (question, answer) VALUES ('[구축절차] 수소충전소 구축 과정(공정)은?', '일반적으로, 기획·설계 - 인허가 - 시공(착공 - 기초공사 - 1차중간 검사 - 골조검사 - 2차 중간검사 - 마감공사 - 설비설치 - 3차중간검사 - 예비시운전 - 완성검사) - 운영개시 순으로 진행(약8개월 소요)');
INSERT IGNORE INTO faq (question, answer) VALUES ('[부지검토] 수소충전소 부지의 적합성 검토 과정은?', '주요 검토사항은 사전검토, 실제 현장확인, 최종 적합성 여부를 종합적으로 검토하여 판단 진행 ① 토지이음이나, 공간정보 시스템을 통해 규제정보를 필터링 ※ 규제정보 : 관련법령, 이격거리, 부지면적, 트레일러 진출입 등 ② T/T 등 현장일치여부 확인 및 기타 장애요인을 현장에서 확인 ③ 지자체에 구축 가능 여부 등 협의를 통해 최종 적합성 판단');
INSERT IGNORE INTO faq (question, answer) VALUES ('[혜택지원] 수소충전소 사업(자) 혜택 및 지원은?', '수소충전소 구축 일반증설은 설치비용 부지매입비 제외한 설비나 공사비용 50%, 특수 70% 지원');
INSERT IGNORE INTO faq (question, answer) VALUES ('[구분] 수소(H2) 구분은 어떻게 하나?', '수소는 생산방식에 따라 Gray·Blue·Green 수소로 나뉨 ① 그레이는 화석 연료를 통해 얻는 부생수소 ② 블루는 천연가스 등에서 탄소 포집과 저장하는 개질수소 ③ 그린은 물을 전기분해해서 수소와 산소로 나누어 얻는 수전해 방식으로 우리나라는 석유화학 산업이 발전되어 있는 만큼 그레이가 95%이상을 차지하고 있으며, 전기를 사용해야 하는 특성상 비용이 약2.5배 비싼 단점을 최대한 빨리 극복해야 할 과제로 남아 있음');
INSERT IGNORE INTO faq (question, answer) VALUES ('[현황] 우리나라 수소충전소 운영 현황은?', '수소충전소 총 누적기수 기준 229기 구축 완료(''22.12월말) 하였으며 ''25년 까지 450기 이상의 목표 달성을 위해 최선을 다하고 있음');
INSERT IGNORE INTO faq (question, answer) VALUES ('[용도] 수소의 용도는?', '수소는 연소 시 공기 중의 산소와 반응하여 열을 발생시키고 그 열을 에너지로 사용함 ① 물과 몇 가지 산화질소만을 발생시키기 때문에 ② 수십 년 동안 다양한 분야에서 안전하게 사용되어 왔으며, ③ 전 세계 수소시장은 체계적으로 정립되어 연간 5천만톤의 수소를 생산함');
INSERT IGNORE INTO faq (question, answer) VALUES ('[특징] 수소의 특징은?', '원소기호 H, 원자번호 1인 화학원소이며, 일반적으로 원자가 2개 결합된 수소분자(H2)의 형태를 취함 ① 지구상 가장 가벼운 무색, 무미, 무취의 기체 ② 천연 그대로 존재하는 일은 드물며 산소와 결합한 물(H2O)처럼 대개 다른 원소와 결합된 상태로 지구상에 대량으로 존재 ③ 우주 전체 질량의 약 75%가량을 차지함');
INSERT IGNORE INTO faq (question, answer) VALUES ('[개념] 수소(Hydrogen)?', '그리스어로 물을 뜻하는 Hydro + 생성한다 Gennao를 합쳐 ''물을 생산한다''라는 의미인 Hydrogen이라 명명');
INSERT IGNORE INTO faq (question, answer) VALUES ('완속충전시설 설치지원사업으로 얼마의 보조금을 지원받을 수 있나요?', '[‘23년 완속충전시설 보조금 지원 단가] - 30kW 이상 : 500만원(1기), 400만원(2기), 350만원(3기 이상) - 11W 이상 : 160만원(1기), 140만원(2기~5기), 120만원(6기 이상) - 7W 이상 ~ 11kW 미만 : 140만원(1기), 120만원(2~5기), 100만원(6기 이상) -키오스크 충전기 :140만원(2기) -전력분배형 충전기 :110만원/기 -과금형콘센트 : 35만원/기 ※ 보조금은 지원 가능한 최대 금액을 말하며, 보조금 한도를 초과하여 발생한 충전기 설치 비용은 설치희망자가 부담함');
INSERT IGNORE INTO faq (question, answer) VALUES ('신청 방법이 어떻게 되나요?', '[‘23년 완속충전기 설치지원 사업 관련] 공동주택, 사업장, 대규모 주차장 등의 소유 및 운영 주체 중 공용 완속충전시설 설치희망자가 직접 신청서를 작성하고 접수를 해야합니다. - 무공해차 통합누리집(www.ev.or.kr) 접속 -> ‘공용 완속충전시설 직접시청 버튼’ 클릭 -> 충전기 수량 등 확인 후 신청서 작성 ※ 단, 상황에 따라 선택한 사업자가 아닌 다른 사업자가 배정될 수 있으며, 설치 후 5년 이내에 철거 시 보조금이 환수됩니다.');
INSERT IGNORE INTO faq (question, answer) VALUES ('완속충전기 설치지원 사업의 보조금으로 급속충전기 설치 가능한가요?', '[‘23년 완속충전기 설치지원 사업 관련] 해당 사업의 취지에 맞게 완속충전기 설치지원사업에서는 완속충전기에 대한 보조금만 지급됩니다.');
INSERT IGNORE INTO faq (question, answer) VALUES ('완속충전기 하자보증기간이 있나요?', '[‘23년 완속충전기 설치지원 사업 관련] 완속충전기의 하자보증기간은 5년이며, 하자보증기간이 끝난 이후의 사후관리는 소유자에게 책임이 있습니다.');
INSERT IGNORE INTO faq (question, answer) VALUES ('완속충전시설 의무 사용기간이 있나요?', '[‘23년 완속충전기 설치지원 사업 관련] 충전시설 소유자 및 사업수행기관은 최소 5년간 해당 충전시설을 운영, 관리 하여야 하며, 충전시설 소유자가 5년 이내에 충전시설을 철거하는 경우 보조금을 환수 조치할 수 있음');
INSERT IGNORE INTO faq (question, answer) VALUES ('SM3 ZE의 경우 커넥터 분리가 힘들어요.', 'SM3 ZE의 경우 차량키에 커넥터 분리 버튼(플러그 모양)을 누르신 후 분리하시기 바랍니다.');
INSERT IGNORE INTO faq (question, answer) VALUES ('전기자동차 충전이 안 될 경우 어떻게 하나요?', '전기자동차의 특성(주행거리)상 급속충전기 고장 등 만약의 경우를 대비하여 반드시 충전잔량을 30% 이상 유지하여 주시기 바라며, 급속충전기가 작동되지 않을 경우 한국자동차환경협회(1661-9408)로 연락하시면 가장 가까운 급속충전소 위치 및 원격지원 등의 도움을 받으실 수 있습니다.');
INSERT IGNORE INTO faq (question, answer) VALUES ('전기자동차 급속충전소는 모두 24시간 운영되나요?', '공단에서 운영하고 있는 대부분의 급속충전소는 24시간 이용이 가능하지만, 일부 대형할인점의 경우 영업시간에만 충전소 이용이 가능하며, [정보마당-자료실]의 “환경부 전국 급속충전시설 위치 및 이용가능 시간 안내”를 확인하여 주시기 바랍니다.');
INSERT IGNORE INTO faq (question, answer) VALUES ('전기자동차 차종별 급속충전방식은 다른가요?', '국내 보급대상 전기자동차 차종별 급속충전방식은 서로 다르므로 해당 차량의 충전방식에 적합한 급속충전소를 이용하여 주시기 바랍니다. 전기차소개/전기차 충전정보 메뉴에서 차종 충전방식을 확인할 수 있습니다.');
INSERT IGNORE INTO faq (question, answer) VALUES ('급속충전기 이용방법은 어떻게 되나요?', '전기자동차 급속충전기 이용방법은 [참여마당-자료실]의 “급속충전기 이용매뉴얼”을 참고하여 주시기 바랍니다.');
INSERT IGNORE INTO faq (question, answer) VALUES ('전국 급속충전기 위치는 어떻게 확인하나요?', 'PC나 스마트폰에서 환경부 전기차 충전소(www.ev.or.kr)로 접속하시면 급속충전기 위치 등을 확인하실 수 있습니다.');
INSERT IGNORE INTO faq (question, answer) VALUES ('급속충전기 이용 시 충전카드를 소지해야 하나요?', '환경부에서 운영중인 급속충전기는 회원카드를 소지하지 않아도 충전이 가능합니다. 충전기 화면의 [비회원] 버튼을 누르면 자동인증이 이루어지고, 결제 가능한 카드로 결제 후 충전하실 수 있습니다. * 결제 가능한 카드 : 후불교통기능이 있는 신한, BC, 국민, 현대, 삼성, 롯데, IBK기업, 씨티 (개별수입 중고 전기자동차  또는 개조 전기자동차 제외)');
INSERT IGNORE INTO faq (question, answer) VALUES ('법인명의의 차량에 대한 충전카드 발급을 어떻게 해야하나요?', '담당자 또는 대표자분이 본인확인 인증을 완료하신 후 회원구분에서 법인을 선택하시고 관련사항을 기재하신 후 회원가입을 진행해 주세요. 회원가입 후 [마이페이지]-[회원카드관리] 메뉴에서 충전카드 발급 신청 해주시기 바랍니다.');
INSERT IGNORE INTO faq (question, answer) VALUES ('회원가입을 하려면 반드시 아이핀(i-PIN) 아이디를 발급받아야 하나요?', '아이핀(i-PIN) 아이디 발급 또는 휴대폰 본인확인을 통한 회원가입이 가능합니다.');
INSERT IGNORE INTO faq (question, answer) VALUES ('아이핀(i-PIN) 가입이 잘 안돼요.', '아이핀(i-PIN)은 한국인터넷진흥원에서 발급업무를 담당하고 있으므로, 1557-1006으로 문의하여 주시기 바랍니다.');
INSERT IGNORE INTO faq (question, answer) VALUES ('아이핀(i-PIN)이 무엇인가요?', '아이핀(i-PIN, Internet Personal Identification number)란, 인터넷 상에서 주민번호를 대신하여 아이디와 패스워드를 이용하여 본인확인을 하는 수단입니다. 아이핀 아이디와 패스워드를 이용하면 웹사이트에 더 이상 주민번호를 이용하지 않아도 회원가입 및 기타서비스 이용이 가능합니다');
INSERT IGNORE INTO faq (question, answer) VALUES ('충전카드 발급 소요기간이 얼마나 되는지요.', '회원카드 신청을 하시면 신청완료 메시지와 발급완료 메시지를 받으시게 됩니다. 발급된 회원카드는 우체국 등기로 발송되며, 발급완료 문자 메시지를 받으신 후 수령까지는 영업일 기준 4일~7일, 도서산간지역은 영업일 기준 7일 이상 소요됩니다.');
INSERT IGNORE INTO faq (question, answer) VALUES ('회원가입 하려고 하는데 회원승인 해주세요.', '회원승인의 경우 업무시간 내(월~금 09:00~18:00)에 가능하오며, 최대한 신속히 처리하도록 하겠습니다.');
INSERT IGNORE INTO faq (question, answer) VALUES ('전기자동차 충전카드 발급절차가 어떻게 되나요?', '현재 환경부에서는 국내 보급성능 평가시험을 완료한 전기자동차에 대하여 충전카드를 발급하고 있습니다. 해당 전기자동차를 구매하신분께서는 충전카드를 발급 신청해 주시기 바랍니다. 자세한 발급절차는 [참여마당-자료실]의 “홈페이지 회원가입 및 회원카드 발급방법 안내” 를 참고하시기 바랍니다.');
INSERT IGNORE INTO faq (question, answer) VALUES ('전기자동차 렌트카 또는 카셰어링을 이용할 경우 충전카드를 발급받아야 하나요?', '전기자동차 렌트카 또는 카셰어링을 이용하실 경우 해당차량 내 충전카드가 비치되어 있어 별도 발급을 받으시지 않아도 됩니다. 만약 충전카드가 비치되어 있지 않다면, 렌트카 또는 카셰어링 회사 고객센터에 문의하여 주시기 바랍니다.');

INSERT IGNORE INTO crawl_stat (target_type, last_crawled_at) VALUES ('car_registration', '2026-05-18 09:54:31');
INSERT IGNORE INTO crawl_stat (target_type, last_crawled_at) VALUES ('station', NULL);
INSERT IGNORE INTO crawl_stat (target_type, last_crawled_at) VALUES ('faq', '2026-05-18 09:03:37');
INSERT IGNORE INTO crawl_stat (target_type, last_crawled_at) VALUES ('car_registration', '2026-05-18 09:54:31');
INSERT IGNORE INTO crawl_stat (target_type, last_crawled_at) VALUES ('station', NULL);
INSERT IGNORE INTO crawl_stat (target_type, last_crawled_at) VALUES ('faq', '2026-05-18 09:03:37');
INSERT IGNORE INTO crawl_stat (target_type, last_crawled_at) VALUES ('car_registration', '2026-05-18 09:54:31');
INSERT IGNORE INTO crawl_stat (target_type, last_crawled_at) VALUES ('station', NULL);
INSERT IGNORE INTO crawl_stat (target_type, last_crawled_at) VALUES ('faq', '2026-05-18 09:03:37');
INSERT IGNORE INTO crawl_stat (target_type, last_crawled_at) VALUES ('car_registration', '2026-05-18 09:54:31');
INSERT IGNORE INTO crawl_stat (target_type, last_crawled_at) VALUES ('station', NULL);
INSERT IGNORE INTO crawl_stat (target_type, last_crawled_at) VALUES ('faq', '2026-05-18 09:03:37');
INSERT IGNORE INTO crawl_stat (target_type, last_crawled_at) VALUES ('car_registration', '2026-05-18 09:54:31');
INSERT IGNORE INTO crawl_stat (target_type, last_crawled_at) VALUES ('station', NULL);
INSERT IGNORE INTO crawl_stat (target_type, last_crawled_at) VALUES ('faq', '2026-05-18 09:03:37');
INSERT IGNORE INTO crawl_stat (target_type, last_crawled_at) VALUES ('car_registration', '2026-05-18 09:54:31');
INSERT IGNORE INTO crawl_stat (target_type, last_crawled_at) VALUES ('station', NULL);
INSERT IGNORE INTO crawl_stat (target_type, last_crawled_at) VALUES ('faq', '2026-05-18 09:03:37');
INSERT IGNORE INTO crawl_stat (target_type, last_crawled_at) VALUES ('car_registration', '2026-05-18 09:54:31');
INSERT IGNORE INTO crawl_stat (target_type, last_crawled_at) VALUES ('station', NULL);
INSERT IGNORE INTO crawl_stat (target_type, last_crawled_at) VALUES ('faq', '2026-05-18 09:03:37');
INSERT IGNORE INTO crawl_stat (target_type, last_crawled_at) VALUES ('car_registration', '2026-05-18 09:54:31');
INSERT IGNORE INTO crawl_stat (target_type, last_crawled_at) VALUES ('station', NULL);
INSERT IGNORE INTO crawl_stat (target_type, last_crawled_at) VALUES ('faq', '2026-05-18 09:03:37');
INSERT IGNORE INTO crawl_stat (target_type, last_crawled_at) VALUES ('car_registration', '2026-05-18 09:54:31');
INSERT IGNORE INTO crawl_stat (target_type, last_crawled_at) VALUES ('station', NULL);
INSERT IGNORE INTO crawl_stat (target_type, last_crawled_at) VALUES ('faq', '2026-05-18 09:03:37');
INSERT IGNORE INTO crawl_stat (target_type, last_crawled_at) VALUES ('car_registration', '2026-05-18 09:54:31');
INSERT IGNORE INTO crawl_stat (target_type, last_crawled_at) VALUES ('station', NULL);
INSERT IGNORE INTO crawl_stat (target_type, last_crawled_at) VALUES ('faq', '2026-05-18 09:03:37');
INSERT IGNORE INTO crawl_stat (target_type, last_crawled_at) VALUES ('car_registration', NULL);
INSERT IGNORE INTO crawl_stat (target_type, last_crawled_at) VALUES ('station', NULL);
INSERT IGNORE INTO crawl_stat (target_type, last_crawled_at) VALUES ('faq', NULL);
INSERT IGNORE INTO crawl_stat (target_type, last_crawled_at) VALUES ('car_registration', NULL);
INSERT IGNORE INTO crawl_stat (target_type, last_crawled_at) VALUES ('station', NULL);
INSERT IGNORE INTO crawl_stat (target_type, last_crawled_at) VALUES ('faq', NULL);
INSERT IGNORE INTO crawl_stat (target_type, last_crawled_at) VALUES ('car_registration', NULL);
INSERT IGNORE INTO crawl_stat (target_type, last_crawled_at) VALUES ('station', NULL);
INSERT IGNORE INTO crawl_stat (target_type, last_crawled_at) VALUES ('faq', NULL);

SET FOREIGN_KEY_CHECKS=1;